{
  "train_loss": [
    0.3831205666065216,
    0.3807330936193466,
    0.3804799571633339,
    0.3806440502405167,
    0.3794250383973122,
    0.37907939255237577,
    0.3802113771438599,
    0.3787016153335571,
    0.3784400910139084,
    0.3786174267530441,
    0.3809102654457092,
    0.38135881125926974,
    0.37987256348133086,
    0.38047475516796114,
    0.38054088056087493,
    0.3789830893278122,
    0.3798788785934448,
    0.3793757453560829,
    0.37931668311357497
  ],
  "val_loss": [
    0.38077216744422915,
    0.3800469696521759,
    0.37940906882286074,
    0.37943367958068847,
    0.3791829705238342,
    0.37914523482322693,
    0.3784434080123901,
    0.37870505452156067,
    0.3792951703071594,
    0.378892195224762,
    0.37883407473564146,
    0.3789239227771759,
    0.37898361682891846,
    0.37875535488128664,
    0.37910212874412536,
    0.3785657286643982,
    0.37745118141174316,
    0.3788636982440948,
    0.3804378569126129
  ],
  "train_acc": [
    0.55,
    0.55,
    0.55,
    0.55,
    0.55,
    0.55,
    0.55,
    0.55,
    0.55,
    0.55,
    0.55,
    0.55,
    0.55,
    0.55,
    0.55,
    0.55,
    0.55,
    0.55,
    0.55
  ],
  "val_acc": [
    0.55,
    0.55,
    0.55,
    0.55,
    0.55,
    0.55,
    0.55,
    0.55,
    0.55,
    0.55,
    0.55,
    0.55,
    0.55,
    0.55,
    0.55,
    0.55,
    0.55,
    0.55,
    0.55
  ],
  "train_auc": [
    0.3314393939393939,
    0.5091540404040404,
    0.3396464646464647,
    0.43686868686868696,
    0.5277777777777778,
    0.5236742424242424,
    0.4071969696969697,
    0.5129419191919192,
    0.5321969696969696,
    0.47506313131313127,
    0.45612373737373735,
    0.4128787878787879,
    0.40088383838383834,
    0.4138257575757575,
    0.4131944444444444,
    0.5315656565656567,
    0.43686868686868685,
    0.5464015151515151,
    0.3838383838383838
  ],
  "val_auc": [
    0.45454545454545453,
    0.6363636363636364,
    0.6464646464646464,
    0.303030303030303,
    0.404040404040404,
    0.5151515151515151,
    0.5656565656565656,
    0.5151515151515151,
    0.7171717171717171,
    0.4949494949494949,
    0.4545454545454546,
    0.3737373737373737,
    0.4444444444444444,
    0.42424242424242425,
    0.5454545454545454,
    0.42424242424242425,
    0.6969696969696969,
    0.4343434343434343,
    0.5555555555555555
  ],
  "learning_rate": [
    9.757729755661011e-05,
    9.05463412215599e-05,
    7.959536998847742e-05,
    6.57963412215599e-05,
    5.05e-05,
    3.5203658778440106e-05,
    2.1404630011522586e-05,
    1.0453658778440109e-05,
    3.4227024433899e-06,
    0.0001,
    9.939057285945933e-05,
    9.757729755661011e-05,
    9.460482294732421e-05,
    9.05463412215599e-05,
    8.55017856687341e-05,
    7.959536998847742e-05,
    7.297252973710757e-05,
    6.57963412215599e-05,
    5.8243506019491436e-05
  ]
}