{
  "train_loss": [
    0.3701441951096058,
    0.36128478553146126,
    0.36149206906557085,
    0.36057871803641317,
    0.36253497675061225,
    0.35965575128793714,
    0.35690116360783575,
    0.35756801422685386,
    0.35898468997329475,
    0.3574658317491412,
    0.3590027496218681,
    0.359197929315269,
    0.36181647796183825,
    0.36022780407220123,
    0.3625417578965425,
    0.36195778101682663,
    0.361155965924263
  ],
  "val_loss": [
    0.36323789358139036,
    0.3597978353500366,
    0.3568859130144119,
    0.36176540404558183,
    0.3582763001322746,
    0.3608655586838722,
    0.355621363222599,
    0.3578792579472065,
    0.3547375924885273,
    0.3555434376001358,
    0.3606607303023338,
    0.36034443527460097,
    0.3577717408537865,
    0.3610000446438789,
    0.3592652976512909,
    0.3578875958919525,
    0.3569015048444271
  ],
  "train_acc": [
    0.5875,
    0.65,
    0.65,
    0.65,
    0.65,
    0.65,
    0.65,
    0.65,
    0.65,
    0.65,
    0.65,
    0.65,
    0.65,
    0.65,
    0.65,
    0.65,
    0.65
  ],
  "val_acc": [
    0.65,
    0.65,
    0.65,
    0.65,
    0.65,
    0.65,
    0.65,
    0.65,
    0.65,
    0.65,
    0.65,
    0.65,
    0.65,
    0.65,
    0.65,
    0.65,
    0.65
  ],
  "train_auc": [
    0.4626759958791209,
    0.5081773695054945,
    0.4457846840659341,
    0.4597355769230769,
    0.4137405563186813,
    0.463384271978022,
    0.5431189903846153,
    0.5066320398351648,
    0.4725274725274725,
    0.5029833447802199,
    0.5020604395604396,
    0.5061598557692307,
    0.4229910714285714,
    0.5010302197802198,
    0.43582589285714285,
    0.45155820741758246,
    0.4631696428571429
  ],
  "val_auc": [
    0.584478021978022,
    0.5123626373626373,
    0.5343406593406593,
    0.3811813186813187,
    0.4162087912087913,
    0.3695054945054945,
    0.6222527472527472,
    0.518543956043956,
    0.5906593406593407,
    0.5618131868131868,
    0.5975274725274726,
    0.45810439560439564,
    0.5652472527472527,
    0.5075549450549451,
    0.4010989010989011,
    0.459478021978022,
    0.47115384615384615
  ],
  "learning_rate": [
    9.757729755661011e-05,
    9.05463412215599e-05,
    7.959536998847742e-05,
    6.57963412215599e-05,
    5.05e-05,
    3.5203658778440106e-05,
    2.1404630011522586e-05,
    1.0453658778440109e-05,
    3.4227024433899e-06,
    0.0001,
    9.939057285945933e-05,
    9.757729755661011e-05,
    9.460482294732421e-05,
    9.05463412215599e-05,
    8.55017856687341e-05,
    7.959536998847742e-05,
    7.297252973710757e-05
  ]
}